Prefix,Name,Birth Date,Phone Number,Zip Code,City,Country,Year,Time
Miss,Laura Ortega MD,12-02-1979,+44(0)909 8790595,02684,Weberstad,Vanuatu,2012,22:27:58
Mr.,Michael Weiss,03-04-1991,+44191 4960892,85681,Paulmouth,Bermuda,2011,15:57:11
Mr.,Crystal Dennis,05-01-1973,(0116) 4960595,24705,Lake Roberta,Greece,2014,10:04:20
Mr.,Tara Harvey,25-11-1995,(0117) 4960250,39843,Barronstad,Tokelau,2011,16:45:12
Dr.,Carol Hopkins,14-03-1971,+44114 4960533,59679,Jamestown,United Arab Emirates,2015,08:53:53
Mrs.,Laura Harris,20-07-1974,+44117 496 0334,04510,Port Rachelberg,Sri Lanka,2021,19:52:53
Mr.,Jordan Daniel,16-09-1987,(0141)4960138,06531,Leonardstad,Sri Lanka,1986,10:14:52
Misc.,Lynn Smith,30-07-1989,(029) 2018961,14889,South Scottbury,Faroe Islands,2006,15:33:54
Mr.,Karen Charles,20-07-1993,(0117) 496 0181,59011,Harringtonburgh,Papua New Guinea,2008,10:40:41
Mr.,Renee Smith,22-10-1995,0161 4960111,93018,North Marystad,Suriname,1972,23:02:00
Dr.,Connie Smith,31-07-1979,0114 496 0159,09473,West Katelyn,Timor-Leste,1987,18:41:04
Mr.,Stephanie Russell,16-10-1976,+44114 4960569,52179,Liuchester,Morocco,1978,13:17:33
Ind.,Tyler Cunningham,14-10-1984,+44(0)1154960034,90077,Victorbury,Jordan,2003,23:39:52
Dr.,Stephen Curry,09-02-1993,+441144960281,43431,East Walter,Vietnam,2001,23:50:01
Dr.,Matthew Mitchell,25-11-1979,(0118) 496 0829,70501,Andersonland,Philippines,1993,19:22:41
Mx.,Jamie Sims,16-06-1977,(020) 74960913,11452,Toddmouth,Venezuela,1970,22:20:47
Mrs.,Lisa Allen,06-08-1992,(0131) 496 0515,69293,Davilaport,Djibouti,1981,13:01:30
Dr.,Theresa Thomas,16-03-1979,01184960263,14523,Port Amanda,South Africa,2017,02:55:52
Mrs.,Megan Booker,09-12-1970,+44116 4960867,53756,West Cristina,Guam,1979,19:33:07
Mr.,Jaclyn Elliott,09-01-1976,+44151 496 0819,95790,Timothyhaven,Sweden,1976,19:16:16
Ms.,Kristi Pace DDS,30-11-1995,(0116)4960462,87548,Cardenashaven,Slovakia (Slovak Republic),1999,14:37:53
Mr.,Mark Small,23-07-1991,(0808)1570592,80133,West Reginaton,Ireland,2009,19:10:56
Mr.,Theresa Kramer,18-03-1996,+441314960432,44806,Alexanderhaven,Saudi Arabia,2008,12:55:36
Dr.,Jackson Briggs,31-01-1993,+449098790615,65300,Justinborough,Lithuania,1982,13:01:45
Mrs.,Jesse Hartman,26-12-1980,(0113) 4960360,28447,East Brookefort,Saint Helena,1978,22:30:11
Miss,Mr. Derek Johnson MD,01-04-1987,(028)9018444,81862,South Jeffrey,Djibouti,1984,17:54:50
Mr.,Amanda Rodriguez,21-01-1992,+44161 4960757,60201,North Anna,Monaco,1990,02:45:28
Mr.,Gregory Williams,02-03-1981,(0151)4960480,60210,Loveburgh,Malta,2004,23:55:28
Misc.,Christian Riley,31-12-1987,+44(0)114 4960891,20775,Angelabury,Peru,2002,00:00:02
Dr.,Sean Landry,23-06-1984,+44(0)306 9990000,40194,Sarahland,Macao,1992,08:18:12
Mr.,Lucas Rodriguez,27-11-1990,01144960723,65873,South Peter,France,2016,14:24:38
Mrs.,Christopher Robinson,18-10-1990,0121 496 0192,79073,Erinfurt,Ecuador,2009,09:30:32
Mx.,Tyler Wilson,07-12-1985,+44(0)131 4960968,87839,Lake Jo,New Zealand,2010,10:52:57
Miss,Wayne Hodge,07-12-1984,0114 4960598,81618,Buchananfort,Panama,1980,12:51:47
Mr.,Paul Schroeder,21-11-1997,(0191) 4960889,69299,South Richardport,Lebanon,1986,01:16:08
Dr.,William Smith,02-04-1994,+441134960857,10321,North Gloriaside,China,1989,13:56:50
Mr.,Mr. Christopher Miller,12-08-1973,+44(0)114 4960901,05722,Teresafurt,Guatemala,2002,14:08:35
Mr.,Todd Perry,24-10-1995,+44116 4960425,85532,Ericshire,Indonesia,1989,00:52:54
Miss,Nancy Faulkner,26-06-1987,+44306 9990555,71732,Jessicafurt,Iran,1973,17:57:43
Ind.,Ralph Walker,06-04-1994,+44116 496 0707,19674,New Richardton,United Arab Emirates,1983,19:59:02
Mrs.,Maureen Kelly,25-11-1988,(029) 2018915,19515,New Jesusmouth,Denmark,1992,00:58:08
Dr.,Samantha Simpson,13-11-1995,+44(0)1214960587,01380,Denisemouth,Czech Republic,2012,07:53:20
Mr.,Mrs. Gail Thompson,13-06-1986,0306 999 0478,40452,Marialand,Saint Helena,1995,07:15:29
Mx.,Katrina Williams,11-11-1977,+44(0)289018706,54480,Tylerview,Sri Lanka,1989,15:53:48
Dr.,Victoria Fernandez,23-06-1971,01514960789,87183,New Austinfurt,Antarctica (the territory South of 60 deg S),2001,06:36:52
Mrs.,Natalie Scott,10-10-1984,+44909 8790663,99753,Smithshire,Bosnia and Herzegovina,2020,10:12:08
Dr.,Mary Sanchez,22-02-1985,+44113 4960417,71732,South Benjaminfort,Micronesia,2000,08:08:51
Mr.,Nicholas Guerra,08-02-1991,(0116)4960071,99889,West Justinfort,Samoa,1972,22:51:09
Dr.,Lisa Fuller,02-07-1974,+44(0)1632 960723,85986,West Robert,Argentina,1988,04:28:48
Mr.,Mary Jones,14-08-1995,0114 496 0013,75921,Port Craig,Slovenia,1999,18:44:41
Mrs.,Alexis Ward,18-01-1988,(0117) 4960052,54277,Mckeeport,San Marino,1992,02:12:53
Dr.,Louis Myers,13-03-1993,+44(0)191 496 0794,28407,East Jeffreyfurt,Afghanistan,1973,16:36:19
Mrs.,Katie Jones,22-08-1979,+4428 9018 0777,21010,New Michelle,South Georgia and the South Sandwich Islands,2016,13:22:42
Misc.,Christine Hogan,27-08-1992,+44151 4960688,00529,Oneillfurt,Guadeloupe,1971,06:45:42
Mx.,David Moore,20-08-1979,+44(0)114 496 0427,82549,East Julie,Mali,2014,01:02:15
Mrs.,Darrell Mason,26-10-1994,(0117) 4960802,88758,Heathershire,Thailand,2009,21:21:40
Mrs.,Michelle Mitchell,16-12-1987,(0909) 879 0028,51923,Andrewbury,Switzerland,1985,21:40:02
Dr.,Mary Cooper,30-01-1982,+44(0)808 1570452,33538,Thomasmouth,Taiwan,1975,08:33:05
Mr.,Seth Madden,08-11-1972,01914960946,14161,West Michelleborough,Benin,1996,05:00:04
Mr.,Monique Warren,09-09-1974,+44292018846,09946,New Zachary,Equatorial Guinea,1991,04:35:33
Mrs.,Jason Terrell,19-06-1985,0808 157 0049,83531,South Emma,Malaysia,2011,05:24:19
Mr.,Cynthia Montgomery,10-05-1971,+44113 4960056,01176,Jenniferborough,Madagascar,1980,21:57:54
Dr.,Robert Patrick,13-05-1994,(028)9018839,57850,New Natalie,Mongolia,1997,03:23:35
Mr.,John Mills,17-08-1981,(0118)4960031,90991,Clarkview,Uruguay,1996,20:12:07
Miss,Karen Miller,05-01-1985,+44131 496 0396,77343,Christopherborough,Greenland,1979,21:41:01
Mx.,Courtney Vargas,08-11-1996,(0116) 4960723,45889,West Catherine,Cuba,1975,05:13:09
Ms.,Steve Chapman,30-06-1995,(0114)4960055,76125,North Jennifermouth,Tuvalu,1987,10:08:54
Dr.,Natalie Ford,28-03-1991,(0191) 496 0488,60010,East Rebeccamouth,Czech Republic,2002,01:55:47
Dr.,Danny Medina,11-07-1981,+44(0)121 496 0351,45621,Lake Alison,Poland,2007,19:00:53
Dr.,David Sloan,24-02-1977,+44(0)131 496 0325,19071,West Christopherstad,Andorra,1993,06:58:50
Mrs.,Rebecca Cummings,30-08-1985,0909 879 0384,80485,Anafurt,Slovenia,1971,06:20:26
Misc.,Jason Perez,04-10-1976,(0808) 1570649,24414,Moranborough,Lao People's Democratic Republic,2016,21:58:15
Dr.,Robert Martinez,02-09-1980,+44191 4960916,35997,New Thomaschester,Yemen,1981,19:04:30
Mx.,Sharon Ramos,07-01-1991,0191 498 0891,10757,West Geraldstad,Niue,1987,23:43:26
Dr.,Lisa Guzman,09-10-1997,+44808 1570521,14802,South Elizabeth,India,1994,22:06:11
Dr.,Alejandro Weaver,25-01-1970,+44(0)289018700,56223,Lake Valerie,Algeria,2019,08:14:12
Mx.,Jon Skinner,02-01-1973,(020) 74960555,14194,Meadowstown,Malaysia,2007,13:22:09
Mr.,Christopher Becker,26-10-1976,+44(0)1632 960 407,33871,West Andrea,Malta,1975,20:06:20
Mrs.,Krista Barton,27-09-1977,+44113 4960125,75536,West Laura,Jamaica,2016,12:21:45
Dr.,Robert Gonzalez,17-11-1976,+44(0)1174960620,42769,Davidview,Puerto Rico,1980,12:11:35
Dr.,William Robinson,18-10-1971,+44909 8790561,79140,Henryland,Rwanda,2001,04:12:20
Mx.,Katie Ortiz,10-12-1992,+44808 157 0700,91638,Timothyberg,Hungary,1995,13:08:21
Mx.,Jeffrey Johns,16-09-1996,+44(0)191 496 0061,17163,North Charlene,Indonesia,1975,08:54:34
Mr.,Sandy George,04-11-1978,+44909 879 0094,83188,Jasonville,Uganda,1980,12:21:37
Mrs.,Daniel Fisher,23-09-1990,0292018938,62124,Jessechester,Yemen,1975,08:59:39
Dr.,Amanda Fields,31-10-1993,+441214960784,56411,Kelseyfort,Benin,1973,12:44:53
Mrs.,Juan Vasquez,15-01-1997,01214960064,02258,Lake Noah,Mongolia,2015,00:37:27
Mr.,Tony Mccormick,03-05-1988,+4420 74960736,81020,New Marcus,Cameroon,1998,17:08:03
Mr.,Danny Erickson,02-04-1972,+44(0)141 4960365,52298,Melindahaven,Andorra,2021,20:59:34
Dr.,Kathleen Jones,12-02-1971,+448081570998,94213,Hodgesfort,New Zealand,1980,00:36:53
Mrs.,Natalie Wood,04-12-1998,01164960940,26013,South Karenville,Austria,1974,00:48:13
Dr.,Kelsey Phillips,19-03-1996,(029) 2018787,30870,Kevinmouth,Estonia,2004,20:10:49
Mr.,Martin Watson,23-06-1984,+4429 2018771,88547,North Diane,Suriname,1997,14:43:36
Dr.,Elizabeth Bradley,10-12-1991,+441632960653,15322,South Christina,Angola,1987,17:33:32
Mrs.,Richard Watkins,14-07-1980,+44(0)118 4960893,13235,Lake Lisaport,Nepal,1979,03:53:07
Dr.,Andrea Mccormick,18-10-1979,+44(0)808 157 0098,43615,Toddview,Panama,2015,00:13:04
Ms.,Christopher Barnett,12-10-1980,(0131) 496 0264,27132,North Brandonburgh,Turkmenistan,2016,07:55:26
Mr.,Melissa Wiley,23-08-1990,(0151) 496 0639,24365,Lake Jeffrey,Antigua and Barbuda,2000,11:10:08
Mr.,Brian Flynn,06-12-1972,01632960348,44168,Johnport,Argentina,1984,12:36:15
Mx.,Richard Simmons,09-05-1995,+44161 496 0372,71647,Coxhaven,Colombia,1994,23:05:45
Misc.,Elizabeth Lee,08-11-1985,01614960289,93702,Jaimeshire,Myanmar,1998,20:19:45
Ind.,Tamara Hanson,25-12-1993,+443069990096,39826,Andreabury,Pitcairn Islands,1997,06:52:48
Mr.,Jill Norman,14-02-1970,+44(0)1214960777,93818,Markberg,Anguilla,1996,09:48:06
Dr.,Patrick Hernandez,06-10-1977,+44(0)8081570729,57358,Jordanbury,Rwanda,1989,02:37:26
Mrs.,Laura Knight,23-02-1983,+441514960767,02867,Grahamland,India,2010,19:47:47
Mrs.,John Banks,26-08-1994,+44(0)141 496 0161,78577,New John,Turkey,1972,12:20:04
Misc.,John Ellis,28-03-1992,+44141 496 0869,92471,Hawkinsborough,Bhutan,1986,12:48:07
Mrs.,Jeremy Patterson,04-01-1997,(0117) 4960615,46767,North Stephenhaven,Moldova,1990,11:13:21
Mx.,Wanda Contreras,08-05-1992,(0191) 4960521,60689,East John,Uganda,2020,12:02:27
Mx.,David Hahn,07-02-1981,(0114) 496 0642,03085,New Katie,Venezuela,1996,19:18:44
Mrs.,Amy Hunter,02-01-1981,+44(0)116 496 0015,79460,West Matthewton,Denmark,1994,00:47:44
Mx.,Kelsey Grant PhD,02-02-1973,+4420 7496 0922,98140,West Joseph,Equatorial Guinea,2016,02:13:26
Mx.,Gary Simpson,25-02-1970,029 2018 0099,74428,South Barbaraview,Guinea,2006,18:56:20
Ind.,Nathan Ellis,29-12-1999,01214960756,08113,East Andrea,Pitcairn Islands,2000,10:10:20
Mx.,Elizabeth Boyd,22-02-1971,029 2018 0928,57045,Victoriamouth,American Samoa,2006,00:06:38
Dr.,Edward Banks,09-04-1992,(0115)4960866,09301,East Haleyfurt,Lesotho,2007,00:35:49
Mx.,Lindsey Lewis MD,07-08-1975,+44(0)306 9990456,85012,North Joshuamouth,Samoa,1973,22:59:42
Ms.,Zachary Marshall,25-11-1986,0115 4960200,72407,Myersburgh,Madagascar,1973,13:54:21
Miss,Ruth Sullivan,25-08-1978,01164960476,63131,Lake Mariahaven,Ecuador,1981,00:59:53
Mx.,Christopher Smith,14-08-1978,0161 4960330,55097,Kevinfort,Papua New Guinea,2009,12:20:48
Misc.,Peter Greer,12-10-1997,(0117) 496 0176,87186,Tammyfurt,Kazakhstan,1982,20:18:37
Dr.,Kenneth Clark,04-11-1986,(020) 7496 0536,10884,New Juliestad,Estonia,1970,03:10:27
Mx.,Brenda Davis,08-12-1982,(0114) 4960304,48648,Briggsfurt,Tunisia,1997,08:05:06
Ms.,Rebecca Harvey,15-12-1981,0292018396,19827,Lake Nicholasberg,British Virgin Islands,2009,01:22:49
Mr.,Mary Hernandez,19-12-1974,+4420 74960602,09997,East Bradley,Tunisia,1997,20:44:51
Dr.,Brenda Myers,16-11-1979,(0113) 496 0862,50204,Sarafort,Faroe Islands,1973,19:26:48
Mr.,Christopher Parsons,26-10-1982,+44(0)2074960567,94897,Michaelbury,Uzbekistan,1988,06:22:40
Dr.,Heather Black,14-10-1984,(0191) 496 0995,31026,North Emily,Belgium,2010,18:30:44
Mrs.,Kathryn Wilson,21-01-1998,+44116 496 0356,22845,West Sethside,Barbados,1976,20:43:38
Mx.,Carmen Mendez,11-08-1988,0161 4960269,40861,Wigginsside,Colombia,1985,06:58:36
Dr.,Kara Horn,27-07-1978,01514960630,12274,Georgetown,United Arab Emirates,2008,06:36:29
Mr.,Courtney Pennington,01-12-1970,+44(0)115 496 0183,73766,Frankbury,Algeria,1978,02:33:36
Dr.,Connie Myers,04-10-1994,0289018095,26362,Joland,Spain,2011,10:10:55
Miss,Joseph Fisher,14-02-1998,+441154960083,27205,Martinezstad,Iran,2020,18:18:33
Mx.,Susan Moore,18-09-1985,+443069990538,67112,West Beverlytown,Nicaragua,1991,13:37:16
Mrs.,Jennifer Garcia,23-08-1970,0117 4960139,22294,Wilsonton,British Virgin Islands,2017,10:22:59
Mrs.,Michael Rhodes,13-05-1988,+441632960050,51295,East Ericside,Croatia,2004,12:36:47
Mr.,Erin James,26-09-1984,+44808 1570513,53395,Sotochester,United Kingdom,1974,17:40:19
Dr.,Dalton Smith,23-06-1970,+44141 4960323,95480,Garciamouth,Kyrgyz Republic,1982,18:49:09
Mx.,Jacqueline Dalton,17-01-1991,+44191 4960225,63981,Jameston,Jordan,2010,13:30:30
Mr.,Kelly Weber,22-07-1996,028 9018 0700,08107,North Bradley,Korea,2004,21:12:47
Dr.,John Thomas,09-09-1982,0141 496 0339,27883,West James,Costa Rica,2008,23:12:32
Dr.,Kristin Smith,20-08-1973,+44(0)28 9018 0410,82960,Michaelland,Ukraine,1996,23:15:01
Mr.,Linda Rogers,14-11-1976,+44292018516,47868,Teresamouth,Mexico,1980,07:03:25
Mr.,Anthony Barrett,19-10-1970,+44306 999 0389,63637,East Abigail,Jamaica,1975,22:01:53
Mx.,Kathryn Matthews,17-08-1977,+44(0)191 496 0006,78605,Sanchezchester,Sweden,2014,01:01:05
Ms.,Gail Mora,22-07-1990,0141 496 0158,32263,East Tylerville,Panama,2008,06:59:22
Mrs.,Juan Lyons,27-05-1971,+44808 157 0367,79309,North Nicholasville,Burkina Faso,1979,13:03:07
Mr.,Morgan Martin,04-09-1985,01632960295,78001,Kellymouth,Morocco,1985,23:45:35
Mr.,Cynthia Scott,03-09-1979,+44117 496 0674,11365,Warnerton,Andorra,1987,12:16:48
Mx.,Thomas Parker,06-03-1990,(0191)4960898,89130,West Kyle,Nauru,1998,20:24:04
Misc.,Michael Frey,22-05-1993,0161 4960323,81723,Milesside,Angola,1972,18:47:49
Mr.,Susan Morrow,08-09-1988,0118 4960293,28311,South Amberbury,Philippines,2013,05:09:56
Mrs.,Justin Walker,01-07-1998,0118 4960820,98820,East Laura,Singapore,1980,18:14:26
Mr.,Chelsea Green,27-12-1986,(0121)4960631,69594,Port Susan,Iran,2005,01:39:16
Mr.,William Wagner,28-11-1980,0909 8790832,43751,Port Meganland,Bangladesh,2006,11:56:33
Dr.,Gerald White,28-08-1975,+44(0)116 496 0822,31391,Elizabethfort,Mauritania,1992,10:05:32
Mrs.,Jade Pena,25-07-1996,(01632)960855,90474,Port Kevin,Jordan,2000,17:10:43
Mrs.,Ashley Sanchez,23-07-1980,+442074960705,10429,West Jacob,Botswana,1987,10:52:56
Mx.,Ashley Wade,29-01-1997,+449098790955,57083,Lake Jessicachester,Taiwan,1982,20:58:41
Mr.,Gregory Bowman,10-03-1991,0118 4960580,72782,Port Carriechester,Tokelau,1983,06:07:43
Dr.,Nicole Wang,21-11-1984,(0151) 4960351,98384,Youngside,Bolivia,1972,10:49:12
Dr.,Barbara Foster,21-04-1971,+44289018536,57508,Brittneystad,Panama,1984,13:18:20
Mrs.,Kayla Frazier,05-11-1983,(029)2018850,61440,Lake Jasonmouth,Antigua and Barbuda,2014,15:52:00
Mrs.,Sean Young MD,03-08-1981,01144960703,91782,Brownmouth,Togo,1973,07:41:44
Mx.,Pamela Harris,05-07-1995,01164960379,89949,Walkerton,Gabon,1997,10:12:15
Dr.,Sarah Aguirre,13-01-1983,+448081570067,32909,Washingtonland,Montenegro,1989,21:35:45
Dr.,Jack Williams,27-04-1975,+44121 4960968,61034,Samanthabury,Cook Islands,1988,08:16:45
Mx.,John Johnson,08-08-1976,+44191 4960231,55814,East Bonnie,Saint Kitts and Nevis,1992,01:14:37
Dr.,Richard Newton,20-07-1978,(0161)4960239,79297,East Joshua,Bolivia,1977,10:44:15
Mrs.,Kelly Cox,10-04-1990,+44161 496 0893,52023,Lake Martinside,Venezuela,2017,00:52:07
Dr.,Carolyn Zuniga,04-07-1975,+44191 4960244,47943,New Edwardview,Suriname,1997,05:13:58
Mrs.,Adam Braun,23-04-1992,01632 960230,26074,Hallland,United States of America,2006,22:02:47
Mr.,Douglas Ford MD,15-05-1999,(0118) 4960266,28779,Kimberlyburgh,Jordan,1990,11:50:50
Mx.,Jeffrey Boyer,07-01-1989,+44292018719,49444,North Carolfort,Slovakia (Slovak Republic),2005,05:48:20
Mx.,Megan Hoffman,22-01-1974,01144960081,48144,Karinashire,Uzbekistan,1990,18:09:42
Mr.,Samantha Bates,24-06-1975,(0113)4960411,95232,West Michael,Georgia,1983,11:07:19
Dr.,Jeffery Malone,05-10-1982,(0141) 4960301,41513,Maryberg,Grenada,2020,15:06:58
Ind.,Philip Bullock,05-08-1981,+44(0)292018307,67131,Port Hannah,Syrian Arab Republic,1988,12:31:51
Dr.,Richard Burns,08-03-1989,+44114 496 0994,88075,Hansenville,New Caledonia,2004,01:20:10
Mr.,Stacey Wallace,06-09-1993,+44(0)121 496 0892,53791,Port Rose,New Zealand,1982,19:33:31
Mrs.,Renee Golden,30-10-1993,+44(0)29 2018 0700,46717,New Andrea,Sierra Leone,1983,12:55:17
Dr.,Darlene Garza,27-07-1998,(0115) 496 0205,64011,South Melody,Saudi Arabia,2002,06:45:16
Dr.,Gail Vargas,22-10-1976,(0151)4960174,61189,Lake Michael,Saint Lucia,1988,14:37:28
Dr.,Todd Campbell,14-04-1976,(0118) 496 0457,47942,Wyattton,Mauritius,1977,05:20:27
Mr.,Anna Rodriguez,05-09-1989,+44(0)115 4960581,45483,Andersonview,Vietnam,1996,19:25:22
Mx.,Debbie Porter,15-01-1991,(0151) 496 0006,43856,Lake Juanstad,Kiribati,1986,04:19:45
Dr.,Chad Keller,23-02-1985,0808 1570866,99388,Rachelville,Bosnia and Herzegovina,2001,07:23:20
Misc.,Curtis Robinson,06-04-1989,(0131) 496 0054,09885,Kimberlyview,Monaco,2008,10:15:42
Dr.,Drew Martin,28-09-1984,(0116) 4960932,29886,West Michaelhaven,Holy See (Vatican City State),1995,16:08:50
Dr.,Robert Li,10-07-1976,(0121)4960139,23000,North Frederickview,Croatia,1997,18:27:11
Dr.,Amanda Mckinney,21-10-1980,(0161)4960194,96993,Kimberlymouth,Vietnam,1979,22:02:37
Mr.,Victor Davis,30-05-1987,+441154960876,13624,Andersonland,Holy See (Vatican City State),1982,01:09:59
Mr.,Kevin Hart,14-03-1993,08081570069,57782,Cisnerosview,Ukraine,2004,19:56:55
Mx.,Edward Smith,18-10-1977,020 7946 0306,94030,New Jillton,Brunei Darussalam,2001,16:46:01
Dr.,Brittney Martinez,03-12-1975,+44(0)20 7496 0766,93820,New Rebeccachester,El Salvador,2000,09:30:40
Mr.,Aaron Gonzalez,31-07-1990,(0191)4960620,10306,New Lisamouth,Anguilla,1972,13:19:59
Dr.,Benjamin Thomas,19-10-1994,(0115) 496 0826,05908,Deanberg,Norway,1990,15:47:41
Mrs.,Brittany Burch,29-08-1971,+44(0)115 496 0895,95390,Stephaniebury,Micronesia,1978,23:20:30
Mrs.,Leslie Hall,05-04-1970,0131 4960148,44991,Brendaburgh,Gibraltar,2005,15:18:14
Dr.,George Jenkins,31-01-1978,0292018156,03562,Moraville,Turkey,2012,06:20:27
Mr.,Tricia Hess,11-04-1978,+44113 496 0728,31741,Allenview,Tuvalu,2014,17:37:20
Dr.,Alison Moon,25-01-1972,(028) 9018230,97290,West Pamelaview,Iran,2015,20:03:30
Mx.,Amber Barrett,17-11-1978,+44(0)118 4960986,17007,Kerrhaven,Lao People's Democratic Republic,1975,09:58:47
Mx.,Paula Turner,05-07-1996,+44(0)117 4960970,41171,Ashleyport,Wallis and Futuna,1970,06:39:32
Mr.,Matthew Pearson,25-06-1993,+441134960365,02369,Jasonstad,Bangladesh,2006,14:03:07
Mrs.,Tara Blevins,21-07-1979,+44(0)808 157 0022,07174,Murphybury,Palau,1996,00:14:04
Mr.,Jody Wise,15-05-1977,(0151)4960062,63202,South Amandachester,Iceland,1985,20:38:45
Ind.,Heidi Haas,08-09-1982,+44141 4960346,07674,West Andrew,British Indian Ocean Territory (Chagos Archipelago),2012,02:41:52
Mr.,Stephanie Figueroa,02-03-1981,+44(0)20 74960783,34079,Riveraberg,Myanmar,1999,10:30:32
Mr.,Craig Brady,06-06-1987,+448081570631,02000,Carterborough,Reunion,2001,11:48:47
Dr.,Julie Vasquez,01-01-1996,0118 496 0118,02673,North Joshua,Ireland,2018,22:21:42
Mx.,Russell Robertson,01-05-1996,+441614960761,92224,Pattersonbury,Chad,1992,23:38:17
Mr.,Angela Green,26-07-1995,(0161) 496 0505,06921,New Kelly,Egypt,2002,09:47:24
Dr.,Zachary Perez,21-10-1987,(0116) 496 0533,30521,North Angelamouth,Togo,1983,21:52:43
Mr.,Scott White,05-08-1981,+44116 4960158,06673,Peterton,Tanzania,2000,10:50:25
Mx.,Samantha Campbell,22-07-1982,+44(0)9098790185,05904,Tuckerport,Philippines,1971,02:08:00
Mr.,Cheryl Myers,24-08-1993,+44(0)114 4960901,82831,Lawsonberg,Sri Lanka,2019,22:54:15
Mrs.,James Richardson,02-01-1985,(0121) 4960406,63464,New Gerald,Cameroon,2015,22:27:24
Dr.,Jason Hall,05-02-1982,+44151 4960460,92581,Allisonton,Norfolk Island,2004,01:15:59
Mrs.,Tina Mckay,14-07-1990,+44(0)117 4960151,60720,Blakechester,Greece,1977,03:10:26
Mrs.,Lori Johnson,09-02-1970,+44(0)1154960575,01808,Lake Billychester,Macedonia,1972,22:34:16
Mr.,Christopher Schmidt,21-05-1997,(0306)9990879,79830,East Vanessa,Gabon,1993,15:53:55
Mr.,Willie Hernandez,01-04-1996,(0191) 4960266,72889,New Teresa,Puerto Rico,2016,23:23:02
Mrs.,Charles Yates,06-01-1984,+441514960712,36085,Port Gregoryport,France,2005,18:39:53
Ms.,Alexander Martinez,19-12-1986,+44151 496 0280,18889,East Donaldmouth,Saint Vincent and the Grenadines,2003,13:56:00
Dr.,Joseph Guerrero,15-06-1992,+44(0)29 2018 0121,44274,Beckfurt,Zambia,2003,14:00:55
Miss,Theresa Golden,01-07-1972,0808 1570622,69932,North Kimberlyborough,United States Virgin Islands,2010,13:21:43
Mrs.,Linda Taylor,22-06-1981,01614960951,04366,West Lesliechester,Uruguay,2000,07:39:18
Dr.,Yvette Hooper,02-02-1992,+441134960634,88440,West Briannashire,Cambodia,1985,14:24:12
Dr.,Amanda Robinson,18-06-1970,+44114 4960140,17457,Aprilbury,Tajikistan,1998,17:57:11
Mrs.,Theresa Rodgers,26-03-1995,(0808) 157 0274,54874,West Coryville,Barbados,1982,21:53:30
Mr.,Patricia Baker,17-12-1993,+44161 4960999,12914,Ericaland,Philippines,1973,06:35:24
Dr.,Angela Richardson,12-04-1980,+44(0)114 496 0154,50438,Lake Charleschester,United States Virgin Islands,2013,07:05:41
Mr.,Renee Mooney,14-05-1984,(0117) 496 0673,18073,West Michaelshire,France,2008,08:56:31
Mrs.,Deborah Hart,10-03-1996,+44(0)1632960327,31471,Perryfurt,Brunei Darussalam,1986,20:04:36
Mrs.,Christopher Carr,17-05-1995,+44(0)151 496 0926,91601,South Tylerborough,Antigua and Barbuda,2000,05:35:45
Mrs.,Jane Allen,11-10-1980,+44289018353,15335,Murphyside,Saint Barthelemy,1972,02:45:49
Mx.,Lindsay Cohen,23-01-1975,(020)74960677,04232,Johnmouth,Cameroon,1991,02:28:59
Mrs.,Matthew Hall,03-08-1982,+44115 4960519,42706,Allenland,Saint Kitts and Nevis,1999,20:10:13
Ind.,Phillip Quinn,11-12-1991,+4429 2018 0273,51512,South Shelbyhaven,Italy,1983,09:34:29
Dr.,Kimberly Sims,07-10-1984,+44(0)1314960092,94989,South Susan,Rwanda,2010,17:44:16
Mx.,George Shepard,31-10-1990,+44117 4960834,04290,Matthewsport,Yemen,2015,05:21:12
Mr.,Gabriel Odom,25-02-1996,+44(0)1514960030,20238,Morrisontown,Puerto Rico,2005,15:34:57
Dr.,Yvette Johnson,09-01-1997,(0131) 4960259,64822,Fitzgeraldchester,Panama,2009,11:52:52
Ind.,John Contreras,19-03-1974,+44(0)141 496 0037,63641,Blakeside,Germany,2019,19:06:45
Dr.,William Chen,27-02-1992,(0115)4960969,82894,Port Gregoryshire,Sudan,1972,03:47:55
Mrs.,Brent Garrison,30-12-1984,+44116 496 0180,71387,North Nancyborough,Portugal,2003,19:38:31
Mrs.,Jeffery White,11-06-1988,+44(0)114 496 0404,59497,East Jeremyburgh,Holy See (Vatican City State),1982,01:57:00
Dr.,Jennifer Nash,27-06-1974,+4429 2018 0208,55139,Scottstad,Kenya,1974,17:31:09
Ms.,Elizabeth Schultz,09-08-1998,+44131 496 0261,32898,East Teresa,Falkland Islands (Malvinas),1976,12:12:43
Dr.,Kathryn Gonzalez,12-01-1979,+44117 496 0510,95107,South Victoria,Norway,1997,00:00:36
Dr.,Katherine Moses,01-07-1974,0808 157 0242,50653,North Tinaberg,Gambia,1975,09:44:06
Dr.,Bryan Stevens,25-07-1976,+44(0)117 4960596,02662,Youngfort,Tokelau,1980,22:17:45
Ms.,John Foster,01-08-1998,(028) 9018652,85271,Jeffreymouth,Malaysia,2006,16:42:32
Dr.,Melinda Singleton,04-06-1995,+44909 8790628,19161,Audreystad,Syrian Arab Republic,1996,03:21:46
Dr.,John Morse,14-07-1974,+441632960039,36431,Mikeburgh,Luxembourg,2013,01:34:52
Mr.,Leah Cox,14-07-1974,(0116) 496 0164,23279,Lake Dawn,Djibouti,1982,03:13:54
Dr.,Kayla Griffin,19-02-1987,+44289018127,79978,Lake Debrafort,Malawi,1983,00:53:35
Mrs.,Derek Brown,13-05-1973,+44909 8790316,13023,Meyerburgh,Turkey,2016,21:52:02
Dr.,Tammy Kelley,13-02-1997,+443069990884,60765,Fitzpatrickbury,Thailand,2000,22:00:56
Miss,Linda Eaton,18-07-1989,0289018486,84732,East Scott,Kenya,1972,04:39:33
Dr.,Ashley Jackson,27-12-1981,(0118) 4960125,53461,Lake Charlesborough,Turkmenistan,1970,19:48:15
Mx.,Elizabeth Boyd,24-04-1997,(0117) 4960421,03249,Lewismouth,Saint Pierre and Miquelon,2001,05:17:22
Dr.,Dean Coleman,03-02-1994,01632 960419,08810,South Chad,Solomon Islands,1997,18:53:12
Dr.,Daniel Robinson,22-12-1977,+44(0)1134960395,19520,New Shawn,Croatia,1970,00:42:07
Mr.,Carolyn Cook,06-06-1985,+441214960907,93561,Patrickfort,Belarus,1991,14:28:56
Mx.,Cory Johnson,03-09-1995,01414960816,23255,Morrisberg,Benin,2004,00:55:11
Dr.,Anna Booker,15-08-1994,(0121)4960444,15469,Port Timothyton,Benin,2020,23:10:57
Mr.,Patricia Perez,21-05-1982,+44117 4960892,38106,North Brandonport,Norfolk Island,1985,11:17:56
Miss,Jeffrey Bush,25-06-1994,+441134960565,64198,North Wendyberg,Holy See (Vatican City State),2005,02:47:56
Mx.,Nicole Black,27-12-1993,+442074960269,25476,West Donald,Cook Islands,2005,10:34:46
Dr.,Casey Carrillo,29-12-1988,+44(0)1164960726,13679,Frankville,Iceland,2017,05:38:01
Mrs.,Jacob Green,19-08-1997,+44(0)292018272,65622,Port Dana,United States of America,1993,16:53:08
Mr.,Christopher Lang,04-10-1993,(0808) 1570293,72851,Ryanberg,French Guiana,2008,20:12:01
Mx.,Kristen Fernandez,11-07-1986,0131 4960437,16252,Torresfort,Palestinian Territory,2015,06:04:51
Mx.,Nancy Collins,29-11-1993,01632960013,35670,Charleston,United States Minor Outlying Islands,1994,14:05:47
Dr.,Luis Clark,12-09-1987,02074960970,30145,Stevenville,Cameroon,1992,00:05:52
Dr.,Ebony Williams,17-03-1996,+4429 2018022,27023,Foxview,Martinique,1983,23:49:13
Miss,William Brown,09-06-1986,+4428 9018508,19123,South Benjamin,Austria,1974,20:17:08
Mr.,Dana Harrington,31-12-1993,(0121) 496 0105,97187,North Heatherhaven,Albania,2020,14:38:50
Mrs.,Claire Maldonado,05-10-1986,029 2018079,79376,Bellville,Ethiopia,1984,03:24:16
Dr.,Hannah Parks,21-03-1996,+44(0)191 496 0137,11696,Raymondton,Zambia,1981,19:36:24
Mx.,Kaitlyn Fitzgerald DDS,24-04-1979,(0161) 4960433,23135,East Robertburgh,Antarctica (the territory South of 60 deg S),1974,15:55:39
Mr.,Mary Ortega,25-10-1975,0116 4960052,63116,Holdenfurt,Bouvet Island (Bouvetoya),2011,18:47:25
Mrs.,Dave Williams,23-03-1992,+44(0)1214960141,20351,Jessicaburgh,El Salvador,2003,21:27:55
Ind.,Brittany Brown,29-07-1980,+44(0)1154960405,27740,Lake Courtneyview,Norfolk Island,2008,15:37:53
Dr.,Michael Kirby,29-11-1991,+44(0)1632 960878,29511,Joshuaborough,New Caledonia,1973,08:27:41
Mx.,Janet Becker,26-05-1988,+44(0)1314960872,08806,New Madison,Czech Republic,2002,21:46:14
Mx.,Ashley Turner,24-02-1983,+44(0)808 157 0904,30987,Webbfort,Rwanda,1975,14:42:21
Dr.,Donna Smith,11-12-1971,(0808) 1570442,41027,Aguirrestad,Romania,1995,09:25:12
Mrs.,Cheryl Blair,07-07-1975,(0117) 496 0187,88853,Dudleymouth,Benin,2007,19:33:24
Mr.,Morgan Taylor,22-09-1981,+44(0)118 4960146,03188,Bensonbury,Korea,1977,05:17:46
Dr.,Samantha Ellis MD,26-07-1985,+44(0)117 4960153,45982,East Joel,Germany,2019,10:35:28
Ind.,Terry Martinez,12-10-1978,+44(0)1632 960 517,47376,Mendozaburgh,Djibouti,2004,02:41:41
Mx.,Sarah Moyer,04-09-1975,0161 4960929,38028,Larryberg,Senegal,1990,11:13:26
Dr.,William Hall,13-08-1979,08081570469,10459,Annettebury,United Arab Emirates,1980,00:19:06
Mrs.,Richard Ewing,20-04-1977,(020) 74960119,43730,North Ryan,Saint Vincent and the Grenadines,2016,10:55:02
Mr.,Melissa Robinson,26-09-1997,(0808) 157 0646,61028,East Robert,Togo,2007,00:27:47
Mr.,Anthony Stephenson,10-07-1996,(0191)4960119,13335,Teresastad,Mayotte,1992,02:07:40
Mr.,Brian Smith,30-08-1993,(0306)9990556,08190,Stephenton,Sierra Leone,1991,09:32:34
Mr.,Maria Ortega,01-12-1987,0116 4960704,54121,Port Caleb,Iceland,1972,05:58:20
Mr.,Elizabeth Alvarez,02-12-1979,(0131) 4960391,72884,Evanschester,Lesotho,1978,08:00:58
Mr.,Tiffany Carroll,02-04-1977,+44808 157 0344,59507,Andreville,Panama,2020,02:53:36
Dr.,James Cortez,28-07-1993,0118 496 0998,57902,Robinsonburgh,Sudan,1984,18:45:57
Mx.,Paula Ortiz,18-12-1975,+44(0)1414960452,47590,Nelsonborough,Faroe Islands,2004,05:53:09
Dr.,Daniel Oliver,24-03-1982,+44(0)28 9018 0002,35482,Amandashire,Monaco,2009,11:19:13
Mrs.,Christopher Walker,25-06-1980,+44808 1570405,60897,Campbellview,Austria,2000,03:20:37
Mr.,Destiny Harper,17-03-1999,+44191 4960503,92860,Lake John,Tunisia,2010,16:57:47
Dr.,Rachel Torres,06-06-1984,+443069990080,41604,New Kaitlynton,Israel,1989,05:44:15
Dr.,Shawn Walters,08-12-1970,(0306)9990711,91674,Bryantfurt,Falkland Islands (Malvinas),1989,19:46:50
Mr.,Jonathan Estes,05-02-1985,(0808) 1570292,29929,Gonzalesview,Sudan,1972,19:17:53
Mrs.,Carlos Hoffman,06-06-1972,028 9018224,21428,West Richard,Falkland Islands (Malvinas),1974,11:56:07
Mx.,Mr. Stanley Smith DVM,09-06-1983,(0141) 4960697,39839,Lake Danielleport,Papua New Guinea,1999,20:19:43
Mr.,Pamela Christian,05-07-1999,+441514960173,96863,New Kevinside,Tonga,2011,21:27:52
Mr.,Dennis Galvan,24-11-1996,0909 879 0972,26992,New Jaredmouth,Lithuania,2005,23:52:15
Dr.,Joseph Crawford,08-04-1971,+441184960087,32285,South Kristinafort,Jamaica,2006,18:12:28
Mrs.,Michael Lawson,20-04-1993,+44(0)117 4960861,94293,Lake Debra,Denmark,2012,07:36:03
Dr.,Andrew Cohen,15-11-1975,+44292018924,49682,Murphyside,Indonesia,2004,06:49:34
Mrs.,Mary Chen,07-02-1997,0141 4960334,68200,North Tina,Uruguay,1973,03:31:28
Mx.,Michael Craig,02-11-1991,(0151) 4960997,86606,Elliottchester,Bulgaria,2019,09:12:40
Mrs.,Anna Lee,03-03-1975,+44(0)113 4960910,38775,South Sandra,Honduras,2006,20:45:13
Mx.,Tara Morrison,19-10-1998,+44808 1570116,95151,South Kenneth,Greenland,2001,18:24:18
Mrs.,Peter Heath,25-01-1971,0161 496 0167,08263,Bobbyfurt,Wallis and Futuna,1978,11:42:10
Dr.,Samantha Ray,11-02-1998,+44(0)1154960250,60625,Farleyhaven,Guam,1982,01:28:45
Dr.,John Wagner,03-11-1971,+44(0)808 1570523,87266,Harrisview,Indonesia,1988,03:58:58
Mrs.,Tracy Wallace,04-08-1986,+442074960494,52542,Herreraburgh,Botswana,2007,02:40:11
Dr.,Kimberly Castillo,20-07-1983,+441632 960 755,41923,Harrisonville,Morocco,1979,19:11:51
Mrs.,Megan Taylor,21-12-1999,+44114 4960382,24790,Bishopside,Ecuador,2001,09:12:50
Mx.,Bryan Daugherty,09-10-1986,+44113 496 0389,94247,Danielmouth,Moldova,1971,00:45:39
Ms.,Joseph Blackwell,17-12-1986,(0808)1570429,63959,Wintersshire,Nepal,1989,19:25:15
Dr.,Bradley Norris,30-07-1988,+441174960063,51391,Clairechester,Kazakhstan,2021,18:15:23
Misc.,Anthony Luna,25-06-1970,+44(0)114 496 0169,66542,Johnstonview,Hong Kong,1999,12:27:25
Mr.,Scott Townsend,06-08-1994,0909 879 0924,98809,West Christine,Netherlands,1972,04:16:14
Mx.,Felicia Mercado,30-11-1992,+44117 4960063,72727,South Jeremy,Namibia,2016,17:33:54
Dr.,Christopher Tapia,02-03-1983,0292018000,36005,Brianport,Saint Barthelemy,1988,00:28:01
Ind.,Eric Roberts,25-12-1990,020 7946 0201,54535,Jessicaberg,Sudan,1976,02:38:46
Misc.,Pam Bailey,26-07-1970,+44(0)1632 960 987,49654,Powellport,Sierra Leone,2021,08:52:21
Mr.,Ashley Walton,25-07-1979,0113 496 0720,55182,New Mariamouth,United States Minor Outlying Islands,1998,05:22:37
Mr.,Joseph Hayes,23-07-1975,+44191 496 0491,86549,East Sarah,Czech Republic,2015,15:07:31
Miss,Christopher Cowan,28-10-1994,+44(0)117 4960933,70454,Lake Danahaven,Gambia,1983,15:52:43
Dr.,Jeremy Berger,13-06-1975,(0151) 4960722,73907,East Robertfort,Monaco,1972,02:10:31
Dr.,Steven Gonzalez,02-12-1994,01134960571,51630,New Jason,Kyrgyz Republic,2017,09:47:01
Miss,Catherine Fox,03-11-1988,+4429 2018 0528,94607,Alexmouth,Netherlands Antilles,2003,06:15:11
Mr.,Michael Benson,12-02-1982,+443069990731,46140,North Andrew,Ghana,2013,12:04:56
Mx.,Randy Mooney,23-08-1999,0161 496 0839,73633,South Matthew,Romania,2012,01:40:43
Dr.,Justin Craig,03-04-1988,+44(0)1632960653,62625,South Melissa,Bouvet Island (Bouvetoya),2003,14:37:24
Mr.,Jenny Taylor,23-12-1994,+44(0)1154960361,55575,New David,United States Virgin Islands,1972,05:50:07
Mx.,Stephanie Miller,27-06-1972,+44(0)117 4960655,91901,Austinmouth,Gabon,2002,06:04:01
Dr.,Jennifer Briggs,23-04-1971,+44(0)1632 960 706,70221,New Aaronton,Australia,2005,15:32:23
Mrs.,Kristin Madden,29-06-1970,01632 960135,23293,Christinafort,Lesotho,2017,06:42:41
Mx.,Christine Henderson,14-01-1985,+44141 496 0750,40097,Roberttown,Congo,2010,02:32:47
Mr.,Mrs. Sharon Fisher,27-02-1973,+44117 496 0856,16097,North Andrewfurt,France,1999,01:54:38
Mr.,Crystal Wilson,02-07-1972,0114 496 0554,74447,East Alejandra,Bangladesh,1972,04:12:31
Mx.,Michael Adams,04-08-1998,0117 496 0844,75699,Port Matthewview,Saint Barthelemy,1983,06:19:45
Dr.,Dennis Farmer,11-08-1999,+44(0)1184960433,31201,Colemanton,Brazil,1986,07:55:59
Mr.,Cynthia Pierce,14-11-1978,(0113) 496 0849,61058,North Andrewburgh,Liechtenstein,1982,21:55:17
Mr.,Allison Johnson,14-01-1985,(0116) 4960379,48514,West Matthew,Pitcairn Islands,2008,19:10:06
Mr.,Brian Gonzales,17-03-1980,+441174960529,29148,New Travisburgh,Nauru,2014,18:42:18
Misc.,Jeffrey Ho,08-03-1982,(01632) 960 424,33692,West Robert,Cayman Islands,1984,09:42:45
Mrs.,Thomas Pollard,26-06-1987,+44161 4960304,08939,New Charlesfort,Grenada,1987,09:44:27
Mx.,William Gilmore,02-06-1990,+44(0)909 8790193,74551,Kyleborough,South Africa,1986,21:01:10
Dr.,Dakota Johnson,21-09-1987,+44(0)29 2018593,18377,Christinestad,Poland,1988,19:16:25
Mrs.,Brandon Gardner,23-02-1995,+44(0)115 4960336,90754,East Paula,Iraq,2008,19:01:24
Mrs.,Susan Allen,02-09-1992,0118 4960000,36028,Amandaville,Gabon,1992,05:02:11
Mx.,Tracy Murphy MD,09-09-1990,+44(0)306 9990345,77759,East Beverlyville,Portugal,1989,06:53:59
Miss,Jonathan Saunders,12-01-1992,+441154960708,64188,Lake Shannon,Denmark,1971,12:50:20
Mx.,Darren Torres,28-03-1972,0115 496 0208,92076,North Harry,Cape Verde,1970,22:17:42
Dr.,Michelle Brooks,08-04-1992,+44(0)117 496 0813,26770,East Sonya,South Africa,2001,11:39:31
Mr.,Ray Lawson,01-09-1976,(01632) 960 486,61812,Port Thomasmouth,United States of America,2015,20:52:54
Mr.,David Jackson,24-05-1985,0118 496 0888,74374,Mahoneyshire,Guyana,1971,18:33:16
Mrs.,Christopher Glenn,13-08-1981,(0118) 496 0913,32802,Port Sherryview,Zimbabwe,1995,01:36:28
Dr.,Cheryl Oliver,22-12-1982,(028) 9018 0900,98639,Joneston,Korea,1995,16:05:09
Mrs.,Jeremy Maldonado,25-02-1992,+44(0)1632960697,23692,Lake Jacquelineberg,British Virgin Islands,2019,09:56:45
Mr.,Amber Burns,06-11-1992,0115 4960485,34161,West Samanthamouth,Saint Vincent and the Grenadines,1993,00:29:19
Dr.,Sean Garcia,21-03-1988,01144960330,04101,Adamport,Solomon Islands,2016,18:46:01
Dr.,Anna Brown,26-09-1991,(0114) 4960911,34074,Robinborough,Iraq,2000,22:53:45
Mrs.,James Perez,30-01-1988,+44121 496 0268,47172,Deleonton,Germany,1980,13:20:36
Mrs.,Benjamin Collins,20-02-1972,0141 496 0952,18823,North Geneberg,Niue,2008,12:26:02
Mx.,Jill Bell,28-09-1980,0306 9990946,58056,Garytown,Macedonia,1989,04:40:43
Dr.,Stephen Bryant,02-04-1978,01632960972,00923,South Franciscoside,Barbados,1992,13:42:52
Mr.,Tammy Hernandez,22-04-1991,(01632) 960080,89790,Ericksonberg,Korea,2002,09:46:37
Mr.,Terry Vargas,14-01-1995,+441414960387,01772,South Kelly,Seychelles,1975,00:23:00
Misc.,Vincent Holmes,14-12-1997,0116 496 0516,44603,Jamesland,Cyprus,1983,06:35:40
Mrs.,Tiffany Chung,06-08-1971,(0117)4960078,84993,Jesseview,Chad,1991,19:29:24
Ms.,Charles Jones,22-09-1974,(0118) 4960979,79789,North Jessicaland,Holy See (Vatican City State),1979,20:54:01
Dr.,Jason Bray,01-03-1981,+44117 496 0666,17744,Lisahaven,Albania,1973,18:28:22
Mr.,Frances Walker,09-04-1981,(0113) 4960331,90888,West Jeffrey,Morocco,2005,06:13:35
Mr.,Jonathan Rodriguez,26-04-1980,(0117)4960308,46842,Carterport,Isle of Man,2018,17:39:37
Mrs.,Kelsey Jenkins,07-09-1980,(0151) 4960773,71119,North Heather,Colombia,1990,09:24:09
Mx.,Sarah Phillips,13-02-1994,(0161) 4960054,20471,East Jennifertown,Aruba,2001,03:03:00
Mr.,Autumn Thompson MD,10-05-1997,+4428 9018110,64883,New Sheila,Azerbaijan,2000,02:09:39
Mrs.,Laura Price,02-04-1985,+44191 4960025,22190,Thomasmouth,Swaziland,1997,18:27:19
Mrs.,Lindsey Gomez,21-02-1992,+441214960536,70182,Frankside,Kazakhstan,2008,15:18:23
Mr.,Jaime Moon,13-06-1997,+44(0)116 4960460,62682,North Shawnmouth,Belgium,1987,17:31:07
Dr.,Matthew Bell,26-06-1987,0121 496 0354,43358,South Melissa,Saint Martin,2016,11:26:59
Mr.,Angela Fowler,11-02-1994,0114 496 0531,36498,Kingburgh,Somalia,1982,01:07:21
Mx.,Robert Werner,22-09-1974,0161 4960885,55467,New Veronica,Iran,2011,22:03:36
Dr.,Mrs. Jamie Brown MD,06-08-1978,(0808) 1570334,37899,Karenhaven,Cyprus,1992,02:56:50
Misc.,Elizabeth Duncan,06-09-1979,+44141 4960008,23651,North Robert,Bosnia and Herzegovina,2016,03:53:03
Miss,Crystal Lester,19-07-1971,0191 498 0137,61436,Morganberg,United States of America,2003,16:19:15
Dr.,Michele Parker,03-05-1983,(0116) 4960169,62970,Robertchester,Saint Vincent and the Grenadines,2001,13:28:26
Ms.,Anthony Stone,06-03-1994,(0141) 496 0375,34216,Port Laura,Cote d'Ivoire,2005,08:43:45
Dr.,Ellen Cline,04-04-1991,+4429 2018 0376,43245,New Matthewhaven,Poland,1982,09:30:56
Ms.,Maria Robinson,07-11-1992,(029) 2018177,82514,West Michaeltown,Togo,2019,08:17:16
Mx.,Kimberly Booker,01-11-1980,(0151) 496 0297,38508,Masonstad,Serbia,1981,05:49:14
Dr.,David Mills,24-10-1973,+4420 7496 0589,16980,Mayside,Cote d'Ivoire,1992,00:06:20
Mx.,Ryan Brown,13-05-1982,(0161) 496 0000,51116,New Ashley,Bahamas,1985,15:08:05
Dr.,Jeffrey Warren,09-09-1984,+449098790983,78821,Christopherland,Russian Federation,1997,15:02:57
Dr.,John Fuentes,10-01-1988,01414960566,44081,West Juliaview,Montenegro,2009,08:39:15
Mx.,Jeffrey Brady,01-05-1998,0808 157 0057,78913,Lake Justinmouth,Dominica,1990,20:50:46
Mrs.,Craig Montgomery,14-07-1996,01914960830,70097,Jacquelinefurt,Cameroon,2001,03:35:43
Ind.,Joseph Salinas,02-11-1973,(0114) 496 0750,87642,Paulfort,Pakistan,1985,08:23:10
Mrs.,Amanda Curtis,13-06-1993,0121 4960396,39174,Port Oliviastad,Korea,1970,09:30:11
Mr.,Sandy Hill,28-05-1984,0114 496 0837,34042,Woodsmouth,Iraq,1971,13:56:52
Dr.,Natalie Foster,01-12-1991,0117 4960246,89270,Bullocktown,Myanmar,1988,13:27:42
Dr.,James Leon,24-06-1973,+44151 496 0040,44778,East Elizabeth,Georgia,2005,14:01:15
Dr.,John Olson,29-09-1994,+44118 496 0456,61759,Johntown,Tonga,1980,11:25:13
Mrs.,Charles Smith,12-10-1971,0151 496 0473,31787,New Kathrynborough,Isle of Man,1971,10:06:50
Dr.,Aaron Hanson,26-12-1971,(0121) 496 0874,78266,Jimenezland,Zimbabwe,1973,11:27:21
Mr.,Alicia Thomas,18-06-1971,+44(0)1154960261,39483,North Mary,Reunion,2021,17:42:49
Misc.,Sean Hogan,24-03-1977,03069990993,92165,West Michaelville,Madagascar,2016,03:22:47
Misc.,Paul Smith,12-03-1976,(0117)4960674,72804,Welchmouth,Georgia,1981,10:39:53
Mr.,Sandra Cohen,08-05-1973,+44114 496 0500,51052,New Maryberg,Sao Tome and Principe,2007,19:09:57
Ms.,Michael Cannon,25-10-1982,01174960932,74227,Lake Joditon,Turks and Caicos Islands,2007,20:45:59
Mrs.,Anthony Stevens,09-02-1990,(029) 2018 0367,47222,North Michelle,Pakistan,1980,07:50:20
Miss,Kevin Estrada,06-11-1983,+44(0)1614960963,82456,South Rhonda,Hong Kong,2002,12:12:57
Dr.,David Caldwell,30-08-1978,(0121) 4960890,60294,East Timothy,American Samoa,2003,00:46:22
Mr.,Chelsea Strong,16-04-1997,01214960167,04138,West Cynthia,Mauritania,1987,00:03:14
Dr.,Thomas Hardin MD,01-07-1972,+441314960262,00905,New Brianmouth,Uganda,2016,12:22:12
Mrs.,Jason Ferguson,22-01-1981,+44(0)141 4960430,29479,Brockmouth,Malaysia,1987,19:02:38
Mx.,Ronald Howe,21-11-1981,01414960725,17587,Woodfort,Cayman Islands,2010,03:28:58
Mrs.,Christine Carter,06-03-1973,0909 879 0510,04393,Walkertown,Korea,2005,06:39:41
Dr.,David Lee,24-05-1972,+441514960721,82189,Alexanderville,Armenia,1996,09:47:25
Dr.,Scott Beck,16-04-1990,+44141 4960061,02019,Port Mariaview,Tanzania,2009,16:55:55
Ms.,Deanna Lee,05-01-1981,0121 4960712,80020,West Sarahfort,France,1999,08:39:18
Mx.,Jason Moore,18-03-1973,(029) 2018 0430,43900,Wrightton,United States of America,2009,09:15:20
Mx.,Robert Olson,14-09-1991,+441314960240,68000,East Stephanietown,Oman,1979,23:27:24
Mr.,Gina James,06-12-1995,0191 4960356,64730,Jesseview,Brazil,1998,09:25:13
Mr.,Faith Bryant,20-02-1987,+44(0)29 2018 0430,43544,Rickyshire,Armenia,1991,16:10:56
Miss,Valerie Gray,02-01-1988,(0909)8790260,13335,Lake Belinda,United Kingdom,1976,11:02:49
Dr.,Sarah Thompson,05-11-1987,(029)2018167,77692,New Christopher,Dominican Republic,2000,05:34:38
Mr.,Courtney Wolf,08-09-1992,+44114 4960463,28943,Taylormouth,China,2017,17:28:23
Mrs.,Matthew Sanford,31-12-1981,(01632)960707,03563,Stantonfurt,Saint Pierre and Miquelon,2002,21:59:11
Dr.,Amy Blevins,08-03-1992,+44161 4960094,62643,Calebfurt,Tajikistan,1980,08:57:53
Mx.,Antonio Clayton MD,16-06-1997,+441174960933,19325,East Shaunland,Gibraltar,1970,08:19:31
Mx.,Matthew Morris,19-04-1999,+44(0)2074960871,36642,New Angelville,Tonga,1979,22:55:46
Mx.,Lisa Frazier,03-07-1970,+44(0)1632 960 271,78736,Hallfort,Italy,2005,06:41:23
Ms.,Stephen Browning,10-01-1970,0121 4960730,69263,Amyville,Bermuda,1980,16:33:35
Mx.,Alexandra Clark,28-04-1980,+44118 4960841,08935,East Leonfort,Congo,1985,13:17:29
Dr.,Patrick Woods,24-08-1987,+44(0)1144960661,88920,Lake Emilymouth,United States Virgin Islands,1995,00:00:45
Miss,Scott Smith,04-10-1975,+44113 496 0169,88111,West Jessica,Seychelles,1991,11:42:55
Mrs.,David Tucker,30-11-1998,(01632) 960944,35157,West Jesseville,Tunisia,2020,23:40:43
Mrs.,Jack Brown,27-02-1978,01514960666,86565,Johnchester,Yemen,2009,09:46:06
Dr.,Stephanie Smith,14-08-1976,01154960308,98495,Fosterbury,South Africa,1983,12:55:24
Dr.,Brian Reid,30-12-1987,(0118) 496 0273,51847,Martinborough,Switzerland,2011,07:27:46
Mx.,Robyn Johnson,06-07-1995,0151 4960615,57977,Port Michaelview,Peru,2006,20:16:45
Dr.,Brett Stuart,02-06-1981,+44(0)114 4960382,29381,New Ericmouth,Haiti,1993,21:10:25
Mr.,Leonard Dawson,21-09-1971,+44(0)151 496 0893,84765,Juantown,Madagascar,2000,16:23:06
Dr.,Dalton Valdez,13-09-1982,+442074960353,75531,New Amyfort,Mexico,2021,08:07:47
Mx.,Edwin Blanchard,05-02-1976,+44(0)151 496 0843,96138,Nelsonville,Colombia,1978,12:08:31
Dr.,Darin Parker,26-07-1986,(028) 9018546,96796,Russellfort,Congo,1993,05:15:05
Mrs.,Kelly Braun,06-06-1976,(0113)4960362,33304,Jameschester,Kenya,1998,12:38:39
Dr.,Jodi Howard,20-06-1981,+44(0)29 2018 0508,60759,South Jeffrey,Libyan Arab Jamahiriya,2011,17:00:48
Dr.,Dawn Lane,03-04-1977,(0141)4960960,12058,Port John,Gibraltar,1973,20:10:23
Mr.,William Holland,12-03-1977,+44(0)191 4960782,72852,Port Allison,Slovakia (Slovak Republic),2005,18:44:34
Mr.,Gary Daniel,11-11-1982,(0191) 4960371,85107,Frankshire,Tokelau,1978,15:15:38
Mx.,Valerie Campos,24-08-1985,01914960336,99546,East Scottberg,Malawi,1989,04:16:02
Ind.,Heather Rojas,08-07-1973,+44121 496 0870,16384,Alyssaview,American Samoa,2011,07:35:49
Mx.,Bradley Torres,09-12-1981,(0306) 9990050,19347,Bradfort,Nigeria,2005,03:22:23
Dr.,Eric Kelley,13-02-1990,0121 496 0105,03034,Forbesview,Cuba,1993,19:01:01
Mx.,Pamela Chavez,30-12-1990,+441414960820,17468,Cherylfort,Timor-Leste,1987,14:24:26
Dr.,Cynthia Baker,01-10-1971,01632960797,89674,Port Michael,Saint Martin,1983,19:26:01
Misc.,Richard Henderson,22-03-1970,+44(0)20 74960946,35720,South Karenville,Portugal,1976,11:34:25
Dr.,Steven Wood,07-07-1976,01514960651,89632,Guzmanborough,Micronesia,1995,06:13:49
Miss,Leslie Chandler,15-02-1983,0118 4960151,22158,Port Donna,Morocco,1984,09:12:11
Dr.,Rachel Mcmahon,16-01-1998,0115 496 0829,56788,East Danny,Palau,1976,06:27:24
Ind.,Charles Castillo,16-02-1985,(0114) 4960474,57841,Port Thomasstad,South Georgia and the South Sandwich Islands,1997,07:15:33
Mr.,James Smith,03-06-1994,+442074960910,37448,Taylormouth,Saint Lucia,1991,15:06:43
Misc.,Stacey Santiago MD,11-07-1971,01144960523,38562,South Paulfort,Israel,2004,13:54:28
Miss,Rita Brown,12-04-1974,(0306) 9990088,10086,East Joelbury,Bouvet Island (Bouvetoya),1992,23:40:16
Miss,Justin Ryan,24-09-1971,+443069990202,67404,North Pamelaside,Sweden,2007,13:49:00
Mx.,Christopher Beard,22-12-1992,+44118 496 0924,12548,North Wayne,Barbados,1996,20:08:13
Dr.,Jeremy Ferguson,21-02-1997,+44(0)191 4960941,38916,Lauraland,Thailand,1983,04:21:29
Mr.,Patrick Salazar,01-11-1977,+44(0)3069990179,26708,Madelinetown,United States Minor Outlying Islands,2021,09:02:16
Dr.,Nicole Becker MD,16-02-1974,0116 4960747,88915,Gregoryville,Papua New Guinea,2005,13:17:28
Mrs.,Erin Henry,21-08-1977,+44(0)1414960087,86774,North Heather,Angola,2001,03:59:49
Mrs.,James Bradley,23-11-1970,+44(0)28 9018517,46897,West Sierrachester,Korea,1978,08:27:33
Mx.,Nicholas George,07-11-1979,+44131 496 0709,48114,East Staceytown,Niue,2014,09:26:49
Miss,Lisa Mitchell,12-03-1999,(028) 9018 0611,90244,Jamieville,Pitcairn Islands,1987,08:29:47
Mr.,Kirk Christensen,20-09-1995,+44(0)191 496 0572,76701,South Andrewview,Malaysia,2002,04:24:37
Dr.,Brent Cook,07-08-1971,(029) 2018758,70623,Cynthiamouth,Hungary,2017,11:03:20
Mx.,Bruce Kidd,23-05-1990,+44(0)116 496 0307,30505,East Valerie,Benin,2006,14:31:23
Mx.,Jill Fleming,14-08-1992,+44(0)161 4960391,63613,North Lauren,Mauritius,1995,17:09:44
Dr.,Candice Edwards,27-08-1973,0116 496 0759,05591,East Aaron,Andorra,1976,02:49:05
Dr.,Kenneth Powell,22-04-1984,(0117)4960767,18878,Elliottstad,Tanzania,1988,08:31:34
Ind.,Patrick Simmons,01-01-1989,(0141)4960021,49761,Johnmouth,Estonia,2015,19:39:31
Dr.,Laura Williams,16-04-1974,+44289018971,12271,Heatherborough,Guinea,1978,12:14:07
Dr.,Erica Gonzalez,06-03-1991,0909 8790593,16505,East Keithview,Hong Kong,1997,06:02:03
Dr.,Joe Zhang,16-11-1978,(028)9018874,93598,Lake Conniefurt,Zambia,2006,00:06:36
